<?xml version="1.0" encoding="UTF-8"?>
<!DOCTYPE hibernate-configuration SYSTEM
"http://www.hibernate.org/dtd/hibernate-configuration-3.0.dtd">

<hibernate-configuration>
 
<session-factory>
	<property name="hibernate.connection.driver_class">  com.mysql.jdbc.Driver </property>
	<property name="hibernate.connection.url">jdbc:mysql://localhost:3307/sopping</property>
	<property name="hibernate.connection.username">root</property>
	<property name="hibernate.connection.password">@1996</property>
	<property name="hibernate.connection.pool_size">20</property>
	<property name="show_sql">true</property>
	<property name="hibernate.dialect">org.hibernate.dialect.MySQL8Dialect</property>
	<property name="hibernate.hbm2ddl.auto">update</property>
	<mapping class="rup.com.modul.User"/>
	<mapping class="rup.com.modul.Product"/>
</session-factory>
</hibernate-configuration>